44f55cbd-9044-4924-b7a2-a3faee120091;name0;1991-02-13;false;+4540335934;mail@mail.com
4a2dbcaf-558d-4b72-8c86-f6ae4b03a5c9;name1;2007-04-19;false;+4570983269;mail@mail.com
ff4a453e-e22a-4bb8-a39d-4bbca57bba4e;name2;1944-03-26;false;+452556123;mail@mail.com
f012ddcb-f03a-433f-98af-5337feec1d4d;name3;1942-02-26;false;+454921406;mail@mail.com
ac3cad5b-7d43-49c5-b6db-25442dab15d6;name4;1964-09-04;false;+4535016410;mail@mail.com
92423f84-9ee2-42ce-bb68-7a005704c883;name5;1951-07-26;true;+4589758377;mail@mail.com
a162c704-41d1-4d4e-a09d-f7c8ae97a2f4;name6;2001-03-16;false;+4536925259;mail@mail.com
4bdb50b4-c378-4e7b-8358-16ae23a1a58d;name7;1944-11-04;false;+4540482993;mail@mail.com
779c0bfb-a057-4ab1-b309-02fff0f81986;name8;2010-04-05;true;+4525600175;mail@mail.com
fabd359a-2901-49dc-b113-7bf4b9f1a684;name9;1945-01-04;false;+4522548873;mail@mail.com
e0456438-68fb-4481-813c-a6c4a92b124c;name10;1951-09-13;false;+4530864547;mail@mail.com
0dc4462d-2daa-4101-b148-6784b1ab6255;name11;1947-03-17;false;+4520297446;mail@mail.com
edbab1ec-ee3a-421d-bcff-dd887bd521b9;name12;2005-09-25;false;+4584424622;mail@mail.com
de1b1730-289d-4fcb-b5af-5c0a9d9b6eee;name13;2005-11-17;false;+4594313225;mail@mail.com
c10bd63f-bb76-4bca-a2c4-691718652476;name14;1992-12-17;true;+4556212929;mail@mail.com
34ed5195-9e80-4a1d-ad25-335da2d37727;name15;1993-08-26;true;+4539963993;mail@mail.com
a1d88ccd-eb61-4133-9659-c8ee63479b36;name16;1957-12-06;false;+4569618031;mail@mail.com
9e36ec04-1489-4a74-88b8-e7698da034c5;name17;1995-04-26;false;+4579610514;mail@mail.com
be8e3465-b6dd-4d5f-bebd-d2f159230377;name18;1962-12-16;false;+4598329308;mail@mail.com
63da0786-0101-40dd-90c3-b5e2cbdca1eb;name19;1991-01-04;false;+4587985931;mail@mail.com
c4d9332f-f66a-4c3d-b31d-359d5a937062;name20;1974-12-21;false;+4599541484;mail@mail.com
884342b1-1778-4049-92a2-9033785abb72;name21;1946-10-03;false;+4589532086;mail@mail.com
e4ea8a14-9b57-408c-8961-cab388d5af6a;name22;1952-06-15;false;+4513381537;mail@mail.com
bbf4cbeb-d960-4b82-b4b2-70d7601ecee9;name23;1986-02-17;false;+4567589811;mail@mail.com
028e2843-5a1b-4e15-836d-a9da448b4938;name24;1943-05-08;false;+4575097317;mail@mail.com
925ad79c-407c-4908-a291-d5cf56b20e1f;name25;1948-04-10;true;+4566885606;mail@mail.com
6f52adb7-3984-45e2-ba9d-cc5492b57ef3;name26;1956-02-17;true;+4564802282;mail@mail.com
cf918607-a95c-418a-975b-b2d0573bc47c;name27;1984-02-06;false;+4545414302;mail@mail.com
605dd108-4503-46de-951a-23bb21dbd5fe;name28;1965-04-05;true;+455986250;mail@mail.com
83af012d-7c94-48b2-a8be-35790778ea93;name29;1966-09-09;false;+4571324075;mail@mail.com
2bd914fa-2f69-4bed-b4e7-3cf2447065e0;name30;1985-06-17;false;+4516722457;mail@mail.com
4bca8a61-b5ea-4ed6-b7bb-a23ca28e1e77;name31;1944-03-14;true;+4560567894;mail@mail.com
7d64fca5-7da4-4007-a6cb-2dc0a2a66de2;name32;2010-05-06;false;+4591233645;mail@mail.com
038d758b-e487-4a6c-917b-ab15370517a0;name33;1944-12-02;false;+4596756786;mail@mail.com
0bc7ac11-aa53-4c40-a891-3215a08f7b76;name34;1986-01-04;false;+4520493666;mail@mail.com
014e106b-3a2c-4fc9-b71f-3d76c0ff7eb3;name35;1961-12-18;false;+4564761579;mail@mail.com
a9bdcba0-27b8-4217-9843-9c7ad55b42cb;name36;1947-04-16;false;+4551668616;mail@mail.com
d51ab6c8-c849-4d5c-9038-318556edcc0c;name37;1943-05-09;false;+452148850;mail@mail.com
3bae30a5-23b1-4060-b627-bf8c90c0fff9;name38;1975-08-07;false;+4591836873;mail@mail.com
644a2df2-9902-49f3-a258-cca13187c4a7;name39;1998-04-26;false;+4529554755;mail@mail.com
88d4da64-4f2b-41d4-8a82-8a60e7fa3dff;name40;1941-01-23;false;+4512527954;mail@mail.com
f19025a9-f0fd-47e4-b264-f37bcbca6a59;name41;1983-08-20;false;+4553710326;mail@mail.com
75bcc8a5-533c-4651-80af-a22944568df2;name42;2010-05-14;false;+4540705345;mail@mail.com
f2dd591d-e292-4b49-85ee-0a50032acc11;name43;1954-10-09;true;+4550209579;mail@mail.com
a3a7fb18-6498-4afd-b66c-0b2ba96af0c4;name44;1953-01-06;false;+4587970172;mail@mail.com
26c9a60f-dd78-4fda-8c07-57c2a0f323f7;name45;1988-08-19;false;+4571495662;mail@mail.com
0166d06d-6f6b-487e-9b41-adbf58aabfa2;name46;1962-05-05;true;+4583625624;mail@mail.com
afa20404-7936-4bea-9aab-2356ea0e509d;name47;1967-04-12;false;+4597231033;mail@mail.com
e437b792-f767-49d1-b19b-3308adfe3c7b;name48;1950-01-28;false;+4526023242;mail@mail.com
fdf51675-7e14-4c5d-b4bb-7827656b7f36;name49;1978-01-27;false;+4546578515;mail@mail.com
